<?xml version="1.0" encoding="UTF-8" standalone="yes"?>
<addon id="repository.alexelec.tv"
		name="AlexELEC Add-ons"
		version="20.0"
		provider-name="AlexELEC">
	<extension point="xbmc.addon.repository"
		name="AlexELEC Add-ons">
		<info>https://raw.githubusercontent.com/AlexELEC/repo19/ae/AML-20/addons.xml.gz</info>
		<checksum verify="sha256">https://raw.githubusercontent.com/AlexELEC/repo19/ae/AML-20/addons.xml.gz.sha256</checksum>
		<datadir zip="true">https://raw.githubusercontent.com/AlexELEC/repo19/ae/AML-20</datadir>
	</extension>
	<extension point="xbmc.addon.metadata">
		<summary>AlexELEC Add-ons</summary>
		<description>The AlexELEC add-on repository contains Kodi PVR Clients and Servers, Skins, and more.</description>
		<platform>all</platform>
		<assets>
			<icon>icon.png</icon>
		</assets>
	</extension>
</addon>
